keyword,category,volume,intent
online shopping pakistan,ecommerce,high,transactional
cash on delivery pakistan,payment,high,transactional
buy clothes online pakistan,fashion,high,transactional
best online shopping sites in pakistan,ecommerce,high,commercial
online shopping pakistan cash on delivery,ecommerce,high,transactional
cheap online shopping pakistan,ecommerce,medium,transactional
buy electronics online pakistan,electronics,medium,transactional
buy watches online pakistan,fashion,medium,transactional
online mobile shopping pakistan,electronics,high,transactional
buy handbags online pakistan,fashion,medium,transactional
ladies dress online shopping pakistan,fashion,high,transactional
online shopping apps pakistan,ecommerce,medium,commercial
how to pay with jazzcash online,payment,medium,informational
easypaisa online payment pakistan,payment,medium,informational
best online store for clothes pakistan,fashion,medium,commercial
buy skincare products online pakistan,beauty,medium,transactional
online grocery shopping pakistan,groceries,medium,transactional
buy kids toys online pakistan,kids,medium,transactional
home decor online shopping pakistan,home-living,medium,transactional
buy shoes online pakistan,fashion,high,transactional
online shopping with free delivery pakistan,ecommerce,medium,transactional
how to shop online safely in pakistan,ecommerce,low,informational
best deals online pakistan,ecommerce,medium,commercial
eid sale online pakistan,ecommerce,high,transactional
ramadan deals online pakistan,ecommerce,medium,commercial
buy gifts online pakistan,ecommerce,medium,transactional
online shopping for men pakistan,fashion,medium,transactional
kitchen appliances online pakistan,kitchen,medium,transactional
buy cosmetics online pakistan,beauty,medium,transactional
sports equipment online pakistan,sports,low,transactional
winter clothes online shopping pakistan,fashion,medium,transactional
summer sale online pakistan,ecommerce,medium,commercial
new arrival dresses online pakistan,fashion,medium,commercial
designer bags online pakistan,fashion,medium,transactional
affordable online shopping pakistan,ecommerce,medium,transactional
online shop with jazzcash payment,ecommerce,medium,transactional
online store with bank transfer pakistan,ecommerce,low,transactional
best online shopping deals in pakistan,ecommerce,medium,commercial
buy furniture online pakistan,home-living,medium,transactional
